{"epoch_avg_loss":0.0810502186814944,"_timestamp":1.750869643401942e+09,"_runtime":228.869869,"train_loss":0.06351288408041,"_wandb":{"runtime":228},"epoch_accuracy":97.47333333333333,"accuracy":97.32,"test_accuracy":97.32,"_step":1181}