{"test_accuracy":19,"_wandb":{"runtime":303},"train_loss":2.19240140914917,"accuracy":19,"_timestamp":1.750867393481638e+09,"_runtime":303.408498,"_step":1}