{"accuracy":97.64,"_timestamp":1.7508677865426528e+09,"_runtime":223.827176,"_step":1,"train_loss":0.07465760409832001,"test_accuracy":97.64,"_wandb":{"runtime":223}}