{"_step":62,"_wandb":{"runtime":8},"train_loss":2.0874948501586914,"_timestamp":1.751021831826171e+09,"_runtime":8.769996}